/*
Navicat MySQL Data Transfer

Source Server         : Single
Source Server Version : 80015
Source Host           : localhost:3306
Source Database       : za102

Target Server Type    : MYSQL
Target Server Version : 80015
File Encoding         : 65001

Date: 2020-10-26 03:36:13
*/

SET FOREIGN_KEY_CHECKS=0;

-- ----------------------------
-- Table structure for class
-- ----------------------------
DROP TABLE IF EXISTS `class`;
CREATE TABLE `class` (
  `classid` int(11) NOT NULL AUTO_INCREMENT,
  `adress` varchar(255) DEFAULT NULL,
  `x1` varchar(255) DEFAULT NULL,
  `y1` varchar(255) DEFAULT NULL,
  `x2` varchar(255) DEFAULT NULL,
  `y2` varchar(255) DEFAULT NULL,
  `stopJudge` int(11) DEFAULT NULL,
  PRIMARY KEY (`classid`)
) ENGINE=InnoDB AUTO_INCREMENT=23 DEFAULT CHARSET=utf8;

-- ----------------------------
-- Records of class
-- ----------------------------
INSERT INTO `class` VALUES ('1', '办公区', '0,0', '0,30', '20,0', '20,30', '1');
INSERT INTO `class` VALUES ('2', '展示区', '20,15', '20,30', '50,15', '50,30', '0');
INSERT INTO `class` VALUES ('6', '休息区', '20,0', '20,15', '60,0', '60,15', '0');
INSERT INTO `class` VALUES ('22', '销售区', '50,15', '50,30', '60,30', '60,15', '0');

-- ----------------------------
-- Table structure for class_data
-- ----------------------------
DROP TABLE IF EXISTS `class_data`;
CREATE TABLE `class_data` (
  `id` int(11) NOT NULL AUTO_INCREMENT,
  `adress` varchar(255) DEFAULT NULL,
  `new_student` int(11) NOT NULL DEFAULT '0',
  `in_class_number` int(11) NOT NULL DEFAULT '0',
  `jump_out` int(11) NOT NULL DEFAULT '0',
  `class_now_number` int(11) NOT NULL DEFAULT '0',
  `hour_class_number` int(11) NOT NULL,
  `hour_in_class_number` int(11) NOT NULL DEFAULT '0',
  `updatetime` datetime DEFAULT NULL,
  `hours` int(11) NOT NULL DEFAULT '0',
  PRIMARY KEY (`id`)
) ENGINE=InnoDB AUTO_INCREMENT=357 DEFAULT CHARSET=utf8;

-- ----------------------------
-- Records of class_data
-- ----------------------------
INSERT INTO `class_data` VALUES ('1', '办公区', '0', '0', '0', '0', '0', '0', '2020-10-10 03:13:11', '3');
INSERT INTO `class_data` VALUES ('2', '展示区', '0', '0', '0', '0', '0', '0', '2020-10-10 03:13:11', '3');
INSERT INTO `class_data` VALUES ('3', '休息区', '0', '0', '0', '0', '0', '0', '2020-10-10 03:13:11', '3');
INSERT INTO `class_data` VALUES ('4', '销售区', '0', '0', '0', '0', '0', '0', '2020-10-10 03:13:11', '3');
INSERT INTO `class_data` VALUES ('5', '办公区', '0', '0', '0', '0', '0', '0', '2020-10-10 15:58:22', '15');
INSERT INTO `class_data` VALUES ('6', '展示区', '0', '0', '0', '0', '0', '0', '2020-10-10 15:58:22', '15');
INSERT INTO `class_data` VALUES ('7', '休息区', '0', '0', '0', '0', '0', '0', '2020-10-10 15:58:22', '15');
INSERT INTO `class_data` VALUES ('8', '销售区', '0', '0', '0', '0', '0', '0', '2020-10-10 15:58:22', '15');
INSERT INTO `class_data` VALUES ('9', '办公区', '0', '0', '0', '0', '0', '0', '2020-10-10 16:01:35', '16');
INSERT INTO `class_data` VALUES ('10', '展示区', '0', '0', '0', '0', '0', '0', '2020-10-10 16:01:37', '16');
INSERT INTO `class_data` VALUES ('11', '休息区', '0', '0', '0', '0', '0', '0', '2020-10-10 16:01:39', '16');
INSERT INTO `class_data` VALUES ('12', '销售区', '0', '0', '0', '0', '0', '0', '2020-10-10 16:01:39', '16');
INSERT INTO `class_data` VALUES ('13', '办公区', '0', '0', '0', '0', '0', '0', '2020-10-10 17:59:15', '17');
INSERT INTO `class_data` VALUES ('14', '展示区', '0', '0', '0', '0', '0', '0', '2020-10-10 17:59:15', '17');
INSERT INTO `class_data` VALUES ('15', '休息区', '0', '0', '0', '0', '0', '0', '2020-10-10 17:59:15', '17');
INSERT INTO `class_data` VALUES ('16', '销售区', '0', '0', '0', '0', '0', '0', '2020-10-10 17:59:15', '17');
INSERT INTO `class_data` VALUES ('17', '办公区', '0', '0', '0', '0', '0', '0', '2020-10-10 18:13:45', '18');
INSERT INTO `class_data` VALUES ('18', '展示区', '0', '0', '0', '0', '0', '0', '2020-10-10 18:13:45', '18');
INSERT INTO `class_data` VALUES ('19', '休息区', '0', '0', '0', '0', '0', '0', '2020-10-10 18:13:45', '18');
INSERT INTO `class_data` VALUES ('20', '销售区', '0', '0', '0', '0', '0', '0', '2020-10-10 18:13:45', '18');
INSERT INTO `class_data` VALUES ('21', '办公区', '0', '0', '0', '0', '0', '0', '2020-10-10 19:48:14', '19');
INSERT INTO `class_data` VALUES ('22', '展示区', '0', '0', '0', '0', '0', '0', '2020-10-10 19:48:14', '19');
INSERT INTO `class_data` VALUES ('23', '休息区', '0', '0', '0', '0', '0', '0', '2020-10-10 19:48:14', '19');
INSERT INTO `class_data` VALUES ('24', '销售区', '0', '0', '0', '0', '0', '0', '2020-10-10 19:48:14', '19');
INSERT INTO `class_data` VALUES ('25', '办公区', '0', '0', '0', '0', '0', '0', '2020-10-10 21:30:06', '21');
INSERT INTO `class_data` VALUES ('26', '展示区', '0', '0', '0', '0', '0', '0', '2020-10-10 21:30:06', '21');
INSERT INTO `class_data` VALUES ('27', '休息区', '0', '0', '0', '0', '0', '0', '2020-10-10 21:30:06', '21');
INSERT INTO `class_data` VALUES ('28', '销售区', '0', '0', '0', '0', '0', '0', '2020-10-10 21:30:06', '21');
INSERT INTO `class_data` VALUES ('29', '办公区', '0', '0', '5', '5', '5', '0', '2020-10-10 23:07:44', '23');
INSERT INTO `class_data` VALUES ('30', '展示区', '0', '0', '0', '0', '0', '0', '2020-10-10 23:07:44', '23');
INSERT INTO `class_data` VALUES ('31', '休息区', '0', '0', '0', '0', '0', '0', '2020-10-10 23:07:44', '23');
INSERT INTO `class_data` VALUES ('32', '销售区', '0', '0', '0', '0', '0', '0', '2020-10-10 22:00:02', '22');
INSERT INTO `class_data` VALUES ('33', '办公区', '0', '0', '0', '0', '0', '0', '2020-10-10 22:00:02', '22');
INSERT INTO `class_data` VALUES ('34', '展示区', '0', '0', '0', '0', '0', '0', '2020-10-10 22:00:02', '22');
INSERT INTO `class_data` VALUES ('35', '休息区', '0', '0', '0', '0', '0', '0', '2020-10-10 22:00:02', '22');
INSERT INTO `class_data` VALUES ('36', '销售区', '0', '0', '0', '0', '0', '0', '2020-10-10 23:07:44', '23');
INSERT INTO `class_data` VALUES ('37', '办公区', '0', '0', '5', '5', '5', '0', '2020-10-11 00:27:51', '0');
INSERT INTO `class_data` VALUES ('38', '展示区', '0', '0', '0', '0', '0', '0', '2020-10-11 00:27:51', '0');
INSERT INTO `class_data` VALUES ('39', '休息区', '0', '0', '0', '0', '0', '0', '2020-10-11 00:27:51', '0');
INSERT INTO `class_data` VALUES ('40', '销售区', '0', '0', '0', '0', '0', '0', '2020-10-11 00:27:51', '0');
INSERT INTO `class_data` VALUES ('41', '办公区', '0', '0', '10', '0', '0', '0', '2020-10-11 03:38:44', '3');
INSERT INTO `class_data` VALUES ('42', '展示区', '0', '0', '0', '0', '0', '0', '2020-10-11 03:38:44', '3');
INSERT INTO `class_data` VALUES ('43', '休息区', '0', '0', '0', '0', '0', '0', '2020-10-11 03:38:44', '3');
INSERT INTO `class_data` VALUES ('44', '销售区', '0', '0', '0', '0', '0', '0', '2020-10-11 03:38:44', '3');
INSERT INTO `class_data` VALUES ('45', '办公区', '0', '0', '8', '1', '1', '0', '2020-10-11 14:54:57', '14');
INSERT INTO `class_data` VALUES ('46', '展示区', '0', '0', '0', '0', '0', '0', '2020-10-11 14:54:57', '14');
INSERT INTO `class_data` VALUES ('47', '休息区', '0', '0', '0', '0', '0', '0', '2020-10-11 14:54:57', '14');
INSERT INTO `class_data` VALUES ('48', '销售区', '0', '0', '0', '0', '0', '0', '2020-10-11 14:54:57', '14');
INSERT INTO `class_data` VALUES ('49', '办公区', '0', '0', '11', '5', '5', '0', '2020-10-11 22:43:32', '22');
INSERT INTO `class_data` VALUES ('50', '展示区', '0', '0', '0', '0', '0', '0', '2020-10-11 22:43:32', '22');
INSERT INTO `class_data` VALUES ('51', '休息区', '0', '0', '0', '0', '0', '0', '2020-10-11 22:43:32', '22');
INSERT INTO `class_data` VALUES ('52', '销售区', '0', '0', '0', '0', '0', '0', '2020-10-11 22:43:32', '22');
INSERT INTO `class_data` VALUES ('53', '办公区', '5', '10', '5', '0', '10', '10', '2020-10-12 02:30:29', '2');
INSERT INTO `class_data` VALUES ('54', '展示区', '0', '0', '0', '0', '0', '0', '2020-10-12 02:30:29', '2');
INSERT INTO `class_data` VALUES ('55', '休息区', '0', '0', '0', '0', '0', '0', '2020-10-12 02:30:29', '2');
INSERT INTO `class_data` VALUES ('56', '销售区', '0', '0', '0', '0', '0', '0', '2020-10-12 02:30:29', '2');
INSERT INTO `class_data` VALUES ('57', '办公区', '5', '10', '5', '0', '10', '10', '2020-10-12 16:04:47', '16');
INSERT INTO `class_data` VALUES ('58', '展示区', '0', '0', '0', '0', '0', '0', '2020-10-12 16:04:48', '16');
INSERT INTO `class_data` VALUES ('59', '休息区', '0', '0', '0', '0', '0', '0', '2020-10-12 16:04:48', '16');
INSERT INTO `class_data` VALUES ('60', '销售区', '0', '0', '0', '0', '0', '0', '2020-10-12 16:04:48', '16');
INSERT INTO `class_data` VALUES ('65', '办公区', '5', '5', '5', '0', '5', '5', '2020-10-12 17:50:41', '17');
INSERT INTO `class_data` VALUES ('66', '展示区', '0', '0', '0', '0', '0', '0', '2020-10-12 17:50:41', '17');
INSERT INTO `class_data` VALUES ('67', '休息区', '0', '0', '0', '0', '0', '0', '2020-10-12 17:50:41', '17');
INSERT INTO `class_data` VALUES ('68', '销售区', '0', '0', '0', '0', '0', '0', '2020-10-12 17:50:42', '17');
INSERT INTO `class_data` VALUES ('73', '办公区', '5', '10', '10', '0', '10', '10', '2020-10-12 18:00:00', '18');
INSERT INTO `class_data` VALUES ('74', '展示区', '0', '0', '0', '0', '0', '0', '2020-10-12 18:00:00', '18');
INSERT INTO `class_data` VALUES ('75', '休息区', '0', '0', '0', '0', '0', '0', '2020-10-12 18:00:00', '18');
INSERT INTO `class_data` VALUES ('76', '销售区', '0', '0', '0', '0', '0', '0', '2020-10-12 18:00:00', '18');
INSERT INTO `class_data` VALUES ('77', '办公区', '5', '12', '5', '5', '12', '12', '2020-10-12 19:29:09', '19');
INSERT INTO `class_data` VALUES ('78', '展示区', '0', '0', '0', '0', '0', '0', '2020-10-12 19:29:09', '19');
INSERT INTO `class_data` VALUES ('79', '休息区', '0', '0', '0', '0', '0', '0', '2020-10-12 19:29:09', '19');
INSERT INTO `class_data` VALUES ('80', '销售区', '0', '0', '0', '0', '0', '0', '2020-10-12 19:29:09', '19');
INSERT INTO `class_data` VALUES ('85', '办公区', '0', '0', '5', '0', '12', '0', '2020-10-13 13:00:41', '13');
INSERT INTO `class_data` VALUES ('86', '展示区', '0', '0', '0', '0', '0', '0', '2020-10-13 13:00:41', '13');
INSERT INTO `class_data` VALUES ('87', '休息区', '0', '0', '0', '0', '0', '0', '2020-10-13 13:00:41', '13');
INSERT INTO `class_data` VALUES ('88', '销售区', '0', '0', '0', '0', '0', '0', '2020-10-13 13:00:41', '13');
INSERT INTO `class_data` VALUES ('89', '办公区', '0', '0', '0', '0', '0', '0', '2020-10-13 14:29:10', '14');
INSERT INTO `class_data` VALUES ('90', '展示区', '0', '0', '0', '0', '0', '0', '2020-10-13 14:29:11', '14');
INSERT INTO `class_data` VALUES ('91', '休息区', '0', '0', '0', '0', '0', '0', '2020-10-13 14:29:12', '14');
INSERT INTO `class_data` VALUES ('92', '销售区', '0', '0', '0', '0', '0', '0', '2020-10-13 14:29:12', '14');
INSERT INTO `class_data` VALUES ('93', '办公区', '0', '0', '0', '0', '0', '0', '2020-10-13 15:00:01', '15');
INSERT INTO `class_data` VALUES ('94', '展示区', '0', '0', '0', '0', '0', '0', '2020-10-13 15:00:01', '15');
INSERT INTO `class_data` VALUES ('95', '休息区', '0', '0', '0', '0', '0', '0', '2020-10-13 15:00:01', '15');
INSERT INTO `class_data` VALUES ('96', '销售区', '0', '0', '0', '0', '0', '0', '2020-10-13 15:00:01', '15');
INSERT INTO `class_data` VALUES ('97', '办公区', '0', '0', '0', '0', '0', '0', '2020-10-13 16:00:00', '16');
INSERT INTO `class_data` VALUES ('98', '展示区', '0', '0', '0', '0', '0', '0', '2020-10-13 16:00:00', '16');
INSERT INTO `class_data` VALUES ('99', '休息区', '0', '0', '0', '0', '0', '0', '2020-10-13 16:00:01', '16');
INSERT INTO `class_data` VALUES ('100', '销售区', '0', '0', '0', '0', '0', '0', '2020-10-13 16:00:01', '16');
INSERT INTO `class_data` VALUES ('101', '办公区', '0', '0', '0', '0', '0', '0', '2020-10-13 17:02:55', '17');
INSERT INTO `class_data` VALUES ('102', '展示区', '0', '0', '0', '0', '0', '0', '2020-10-13 17:02:57', '17');
INSERT INTO `class_data` VALUES ('103', '休息区', '0', '0', '0', '0', '0', '0', '2020-10-13 17:02:58', '17');
INSERT INTO `class_data` VALUES ('104', '销售区', '0', '0', '0', '0', '0', '0', '2020-10-13 17:02:58', '17');
INSERT INTO `class_data` VALUES ('105', '办公区', '0', '0', '0', '0', '0', '0', '2020-10-13 18:00:01', '18');
INSERT INTO `class_data` VALUES ('106', '展示区', '0', '0', '0', '0', '0', '0', '2020-10-13 18:00:03', '18');
INSERT INTO `class_data` VALUES ('107', '休息区', '0', '0', '0', '0', '0', '0', '2020-10-13 18:00:03', '18');
INSERT INTO `class_data` VALUES ('108', '销售区', '0', '0', '0', '0', '0', '0', '2020-10-13 18:00:03', '18');
INSERT INTO `class_data` VALUES ('109', '办公区', '0', '0', '0', '0', '0', '0', '2020-10-13 19:00:28', '19');
INSERT INTO `class_data` VALUES ('110', '展示区', '0', '0', '0', '0', '0', '0', '2020-10-13 19:01:44', '19');
INSERT INTO `class_data` VALUES ('111', '休息区', '0', '0', '0', '0', '0', '0', '2020-10-13 19:01:44', '19');
INSERT INTO `class_data` VALUES ('112', '销售区', '0', '0', '0', '0', '0', '0', '2020-10-13 19:01:44', '19');
INSERT INTO `class_data` VALUES ('113', '办公区', '0', '0', '0', '0', '0', '0', '2020-10-13 20:00:00', '20');
INSERT INTO `class_data` VALUES ('114', '展示区', '0', '0', '0', '0', '0', '0', '2020-10-13 20:00:01', '20');
INSERT INTO `class_data` VALUES ('115', '休息区', '0', '0', '0', '0', '0', '0', '2020-10-13 20:00:01', '20');
INSERT INTO `class_data` VALUES ('116', '销售区', '0', '0', '0', '0', '0', '0', '2020-10-13 20:00:02', '20');
INSERT INTO `class_data` VALUES ('117', '办公区', '0', '0', '0', '0', '0', '0', '2020-10-13 21:00:00', '21');
INSERT INTO `class_data` VALUES ('118', '展示区', '0', '0', '0', '0', '0', '0', '2020-10-13 21:00:01', '21');
INSERT INTO `class_data` VALUES ('119', '休息区', '0', '0', '0', '0', '0', '0', '2020-10-13 21:00:01', '21');
INSERT INTO `class_data` VALUES ('120', '销售区', '0', '0', '0', '0', '0', '0', '2020-10-13 21:00:01', '21');
INSERT INTO `class_data` VALUES ('121', '办公区', '0', '0', '0', '0', '0', '0', '2020-10-13 22:00:01', '22');
INSERT INTO `class_data` VALUES ('122', '展示区', '0', '0', '0', '0', '0', '0', '2020-10-13 22:00:02', '22');
INSERT INTO `class_data` VALUES ('123', '休息区', '0', '0', '0', '0', '0', '0', '2020-10-13 22:00:02', '22');
INSERT INTO `class_data` VALUES ('124', '销售区', '0', '0', '0', '0', '0', '0', '2020-10-13 22:00:02', '22');
INSERT INTO `class_data` VALUES ('125', '办公区', '0', '0', '0', '0', '0', '0', '2020-10-13 23:00:01', '23');
INSERT INTO `class_data` VALUES ('126', '展示区', '0', '0', '0', '0', '0', '0', '2020-10-13 23:00:03', '23');
INSERT INTO `class_data` VALUES ('127', '休息区', '0', '0', '0', '0', '0', '0', '2020-10-13 23:00:04', '23');
INSERT INTO `class_data` VALUES ('128', '销售区', '0', '0', '0', '0', '0', '0', '2020-10-13 23:00:04', '23');
INSERT INTO `class_data` VALUES ('129', '办公区', '0', '0', '0', '0', '0', '0', '2020-10-14 00:10:38', '0');
INSERT INTO `class_data` VALUES ('130', '展示区', '0', '0', '0', '0', '0', '0', '2020-10-14 00:10:39', '0');
INSERT INTO `class_data` VALUES ('131', '休息区', '0', '0', '0', '0', '0', '0', '2020-10-14 00:10:39', '0');
INSERT INTO `class_data` VALUES ('132', '销售区', '0', '0', '0', '0', '0', '0', '2020-10-14 00:10:39', '0');
INSERT INTO `class_data` VALUES ('133', '办公区', '0', '0', '0', '0', '0', '0', '2020-10-14 01:00:01', '1');
INSERT INTO `class_data` VALUES ('134', '展示区', '0', '0', '0', '0', '0', '0', '2020-10-14 01:00:02', '1');
INSERT INTO `class_data` VALUES ('135', '休息区', '0', '0', '0', '0', '0', '0', '2020-10-14 01:00:02', '1');
INSERT INTO `class_data` VALUES ('136', '销售区', '0', '0', '0', '0', '0', '0', '2020-10-14 01:00:02', '1');
INSERT INTO `class_data` VALUES ('137', '办公区', '0', '0', '0', '0', '0', '0', '2020-10-14 02:00:04', '2');
INSERT INTO `class_data` VALUES ('138', '展示区', '0', '0', '0', '0', '0', '0', '2020-10-14 02:00:09', '2');
INSERT INTO `class_data` VALUES ('139', '休息区', '0', '0', '0', '0', '0', '0', '2020-10-14 02:00:09', '2');
INSERT INTO `class_data` VALUES ('140', '销售区', '0', '0', '0', '0', '0', '0', '2020-10-14 02:00:10', '2');
INSERT INTO `class_data` VALUES ('141', '办公区', '0', '0', '0', '0', '0', '0', '2020-10-14 03:00:01', '3');
INSERT INTO `class_data` VALUES ('142', '展示区', '0', '0', '0', '0', '0', '0', '2020-10-14 03:00:03', '3');
INSERT INTO `class_data` VALUES ('143', '休息区', '0', '0', '0', '0', '0', '0', '2020-10-14 03:00:04', '3');
INSERT INTO `class_data` VALUES ('144', '销售区', '0', '0', '0', '0', '0', '0', '2020-10-14 03:00:04', '3');
INSERT INTO `class_data` VALUES ('145', '办公区', '0', '0', '0', '0', '0', '0', '2020-10-14 04:00:02', '4');
INSERT INTO `class_data` VALUES ('146', '展示区', '0', '0', '0', '0', '0', '0', '2020-10-14 04:00:04', '4');
INSERT INTO `class_data` VALUES ('147', '休息区', '0', '0', '0', '0', '0', '0', '2020-10-14 04:00:04', '4');
INSERT INTO `class_data` VALUES ('148', '销售区', '0', '0', '0', '0', '0', '0', '2020-10-14 04:00:04', '4');
INSERT INTO `class_data` VALUES ('149', '办公区', '0', '0', '0', '0', '0', '0', '2020-10-14 05:00:00', '5');
INSERT INTO `class_data` VALUES ('150', '展示区', '0', '0', '0', '0', '0', '0', '2020-10-14 05:00:00', '5');
INSERT INTO `class_data` VALUES ('151', '休息区', '0', '0', '0', '0', '0', '0', '2020-10-14 05:00:00', '5');
INSERT INTO `class_data` VALUES ('152', '销售区', '0', '0', '0', '0', '0', '0', '2020-10-14 05:00:00', '5');
INSERT INTO `class_data` VALUES ('153', '办公区', '0', '0', '0', '0', '0', '0', '2020-10-14 06:00:01', '6');
INSERT INTO `class_data` VALUES ('154', '展示区', '0', '0', '0', '0', '0', '0', '2020-10-14 06:00:01', '6');
INSERT INTO `class_data` VALUES ('155', '休息区', '0', '0', '0', '0', '0', '0', '2020-10-14 06:00:01', '6');
INSERT INTO `class_data` VALUES ('156', '销售区', '0', '0', '0', '0', '0', '0', '2020-10-14 06:00:01', '6');
INSERT INTO `class_data` VALUES ('157', '办公区', '0', '0', '0', '0', '0', '0', '2020-10-14 07:00:00', '7');
INSERT INTO `class_data` VALUES ('158', '展示区', '0', '0', '0', '0', '0', '0', '2020-10-14 07:00:00', '7');
INSERT INTO `class_data` VALUES ('159', '休息区', '0', '0', '0', '0', '0', '0', '2020-10-14 07:00:00', '7');
INSERT INTO `class_data` VALUES ('160', '销售区', '0', '0', '0', '0', '0', '0', '2020-10-14 07:00:00', '7');
INSERT INTO `class_data` VALUES ('161', '办公区', '0', '0', '0', '0', '0', '0', '2020-10-14 08:00:00', '8');
INSERT INTO `class_data` VALUES ('162', '展示区', '0', '0', '0', '0', '0', '0', '2020-10-14 08:00:00', '8');
INSERT INTO `class_data` VALUES ('163', '休息区', '0', '0', '0', '0', '0', '0', '2020-10-14 08:00:00', '8');
INSERT INTO `class_data` VALUES ('164', '销售区', '0', '0', '0', '0', '0', '0', '2020-10-14 08:00:00', '8');
INSERT INTO `class_data` VALUES ('165', '办公区', '0', '0', '0', '0', '0', '0', '2020-10-14 09:00:00', '9');
INSERT INTO `class_data` VALUES ('166', '展示区', '0', '0', '0', '0', '0', '0', '2020-10-14 09:00:00', '9');
INSERT INTO `class_data` VALUES ('167', '休息区', '0', '0', '0', '0', '0', '0', '2020-10-14 09:00:00', '9');
INSERT INTO `class_data` VALUES ('168', '销售区', '0', '0', '0', '0', '0', '0', '2020-10-14 09:00:00', '9');
INSERT INTO `class_data` VALUES ('169', '办公区', '0', '0', '0', '0', '0', '0', '2020-10-14 10:00:00', '10');
INSERT INTO `class_data` VALUES ('170', '展示区', '0', '0', '0', '0', '0', '0', '2020-10-14 10:00:00', '10');
INSERT INTO `class_data` VALUES ('171', '休息区', '0', '0', '0', '0', '0', '0', '2020-10-14 10:00:00', '10');
INSERT INTO `class_data` VALUES ('172', '销售区', '0', '0', '0', '0', '0', '0', '2020-10-14 10:00:00', '10');
INSERT INTO `class_data` VALUES ('173', '办公区', '0', '0', '0', '0', '0', '0', '2020-10-14 11:00:00', '11');
INSERT INTO `class_data` VALUES ('174', '展示区', '0', '0', '0', '0', '0', '0', '2020-10-14 11:00:00', '11');
INSERT INTO `class_data` VALUES ('175', '休息区', '0', '0', '0', '0', '0', '0', '2020-10-14 11:00:00', '11');
INSERT INTO `class_data` VALUES ('176', '销售区', '0', '0', '0', '0', '0', '0', '2020-10-14 11:00:00', '11');
INSERT INTO `class_data` VALUES ('177', '办公区', '0', '0', '0', '0', '0', '0', '2020-10-14 12:00:00', '12');
INSERT INTO `class_data` VALUES ('178', '展示区', '0', '0', '0', '0', '0', '0', '2020-10-14 12:00:00', '12');
INSERT INTO `class_data` VALUES ('179', '休息区', '0', '0', '0', '0', '0', '0', '2020-10-14 12:00:01', '12');
INSERT INTO `class_data` VALUES ('180', '销售区', '0', '0', '0', '0', '0', '0', '2020-10-14 12:00:01', '12');
INSERT INTO `class_data` VALUES ('181', '办公区', '0', '0', '0', '0', '0', '0', '2020-10-14 13:00:00', '13');
INSERT INTO `class_data` VALUES ('182', '展示区', '0', '0', '0', '0', '0', '0', '2020-10-14 13:00:01', '13');
INSERT INTO `class_data` VALUES ('183', '休息区', '0', '0', '0', '0', '0', '0', '2020-10-14 13:00:01', '13');
INSERT INTO `class_data` VALUES ('184', '销售区', '0', '0', '0', '0', '0', '0', '2020-10-14 13:00:01', '13');
INSERT INTO `class_data` VALUES ('185', '办公区', '0', '0', '0', '0', '0', '0', '2020-10-14 14:00:00', '14');
INSERT INTO `class_data` VALUES ('186', '展示区', '0', '0', '0', '0', '0', '0', '2020-10-14 14:00:00', '14');
INSERT INTO `class_data` VALUES ('187', '休息区', '0', '0', '0', '0', '0', '0', '2020-10-14 14:00:00', '14');
INSERT INTO `class_data` VALUES ('188', '销售区', '0', '0', '0', '0', '0', '0', '2020-10-14 14:00:00', '14');
INSERT INTO `class_data` VALUES ('189', '办公区', '0', '0', '0', '0', '0', '0', '2020-10-14 15:00:00', '15');
INSERT INTO `class_data` VALUES ('190', '展示区', '0', '0', '0', '0', '0', '0', '2020-10-14 15:00:00', '15');
INSERT INTO `class_data` VALUES ('191', '休息区', '0', '0', '0', '0', '0', '0', '2020-10-14 15:00:00', '15');
INSERT INTO `class_data` VALUES ('192', '销售区', '0', '0', '0', '0', '0', '0', '2020-10-14 15:00:00', '15');
INSERT INTO `class_data` VALUES ('193', '办公区', '0', '0', '0', '0', '0', '0', '2020-10-14 16:00:00', '16');
INSERT INTO `class_data` VALUES ('194', '展示区', '0', '0', '0', '0', '0', '0', '2020-10-14 16:00:00', '16');
INSERT INTO `class_data` VALUES ('195', '休息区', '0', '0', '0', '0', '0', '0', '2020-10-14 16:00:00', '16');
INSERT INTO `class_data` VALUES ('196', '销售区', '0', '0', '0', '0', '0', '0', '2020-10-14 16:00:00', '16');
INSERT INTO `class_data` VALUES ('197', '办公区', '0', '0', '0', '0', '0', '0', '2020-10-14 17:00:00', '17');
INSERT INTO `class_data` VALUES ('198', '展示区', '0', '0', '0', '0', '0', '0', '2020-10-14 17:00:00', '17');
INSERT INTO `class_data` VALUES ('199', '休息区', '0', '0', '0', '0', '0', '0', '2020-10-14 17:00:00', '17');
INSERT INTO `class_data` VALUES ('200', '销售区', '0', '0', '0', '0', '0', '0', '2020-10-14 17:00:00', '17');
INSERT INTO `class_data` VALUES ('201', '办公区', '0', '0', '0', '0', '0', '0', '2020-10-14 18:00:01', '18');
INSERT INTO `class_data` VALUES ('202', '展示区', '0', '0', '0', '0', '0', '0', '2020-10-14 18:00:02', '18');
INSERT INTO `class_data` VALUES ('203', '休息区', '0', '0', '0', '0', '0', '0', '2020-10-14 18:00:02', '18');
INSERT INTO `class_data` VALUES ('204', '销售区', '0', '0', '0', '0', '0', '0', '2020-10-14 18:00:02', '18');
INSERT INTO `class_data` VALUES ('205', '办公区', '0', '0', '0', '0', '0', '0', '2020-10-14 19:00:00', '19');
INSERT INTO `class_data` VALUES ('206', '展示区', '0', '0', '0', '0', '0', '0', '2020-10-14 19:00:00', '19');
INSERT INTO `class_data` VALUES ('207', '休息区', '0', '0', '0', '0', '0', '0', '2020-10-14 19:00:00', '19');
INSERT INTO `class_data` VALUES ('208', '销售区', '0', '0', '0', '0', '0', '0', '2020-10-14 19:00:00', '19');
INSERT INTO `class_data` VALUES ('209', '办公区', '0', '0', '0', '0', '0', '0', '2020-10-14 20:00:00', '20');
INSERT INTO `class_data` VALUES ('210', '展示区', '0', '0', '0', '0', '0', '0', '2020-10-14 20:00:00', '20');
INSERT INTO `class_data` VALUES ('211', '休息区', '0', '0', '0', '0', '0', '0', '2020-10-14 20:00:00', '20');
INSERT INTO `class_data` VALUES ('212', '销售区', '0', '0', '0', '0', '0', '0', '2020-10-14 20:00:00', '20');
INSERT INTO `class_data` VALUES ('213', '办公区', '0', '0', '0', '0', '0', '0', '2020-10-14 21:00:00', '21');
INSERT INTO `class_data` VALUES ('214', '展示区', '0', '0', '0', '0', '0', '0', '2020-10-14 21:00:00', '21');
INSERT INTO `class_data` VALUES ('215', '休息区', '0', '0', '0', '0', '0', '0', '2020-10-14 21:00:00', '21');
INSERT INTO `class_data` VALUES ('216', '销售区', '0', '0', '0', '0', '0', '0', '2020-10-14 21:00:00', '21');
INSERT INTO `class_data` VALUES ('217', '办公区', '0', '0', '0', '0', '0', '0', '2020-10-14 22:00:00', '22');
INSERT INTO `class_data` VALUES ('218', '展示区', '0', '0', '0', '0', '0', '0', '2020-10-14 22:00:00', '22');
INSERT INTO `class_data` VALUES ('219', '休息区', '0', '0', '0', '0', '0', '0', '2020-10-14 22:00:00', '22');
INSERT INTO `class_data` VALUES ('220', '销售区', '0', '0', '0', '0', '0', '0', '2020-10-14 22:00:00', '22');
INSERT INTO `class_data` VALUES ('221', '办公区', '0', '0', '0', '0', '0', '0', '2020-10-14 23:00:01', '23');
INSERT INTO `class_data` VALUES ('222', '展示区', '0', '0', '0', '0', '0', '0', '2020-10-14 23:00:01', '23');
INSERT INTO `class_data` VALUES ('223', '休息区', '0', '0', '0', '0', '0', '0', '2020-10-14 23:00:01', '23');
INSERT INTO `class_data` VALUES ('224', '销售区', '0', '0', '0', '0', '0', '0', '2020-10-14 23:00:01', '23');
INSERT INTO `class_data` VALUES ('225', '办公区', '0', '0', '0', '0', '0', '0', '2020-10-15 00:00:01', '0');
INSERT INTO `class_data` VALUES ('226', '展示区', '0', '0', '0', '0', '0', '0', '2020-10-15 00:00:01', '0');
INSERT INTO `class_data` VALUES ('227', '休息区', '0', '0', '0', '0', '0', '0', '2020-10-15 00:00:01', '0');
INSERT INTO `class_data` VALUES ('228', '销售区', '0', '0', '0', '0', '0', '0', '2020-10-15 00:00:01', '0');
INSERT INTO `class_data` VALUES ('229', '办公区', '0', '0', '0', '0', '0', '0', '2020-10-15 01:10:14', '1');
INSERT INTO `class_data` VALUES ('230', '展示区', '0', '0', '0', '0', '0', '0', '2020-10-15 01:10:14', '1');
INSERT INTO `class_data` VALUES ('231', '休息区', '0', '0', '0', '0', '0', '0', '2020-10-15 01:10:14', '1');
INSERT INTO `class_data` VALUES ('232', '销售区', '0', '0', '0', '0', '0', '0', '2020-10-15 01:10:14', '1');
INSERT INTO `class_data` VALUES ('233', '办公区', '0', '0', '0', '0', '0', '0', '2020-10-15 02:00:05', '2');
INSERT INTO `class_data` VALUES ('234', '展示区', '0', '0', '0', '0', '0', '0', '2020-10-15 02:00:13', '2');
INSERT INTO `class_data` VALUES ('235', '休息区', '0', '0', '0', '0', '0', '0', '2020-10-15 02:00:13', '2');
INSERT INTO `class_data` VALUES ('236', '销售区', '0', '0', '0', '0', '0', '0', '2020-10-15 02:00:13', '2');
INSERT INTO `class_data` VALUES ('237', '办公区', '0', '0', '0', '0', '0', '0', '2020-10-15 03:00:02', '3');
INSERT INTO `class_data` VALUES ('238', '展示区', '0', '0', '0', '0', '0', '0', '2020-10-15 03:00:04', '3');
INSERT INTO `class_data` VALUES ('239', '休息区', '0', '0', '0', '0', '0', '0', '2020-10-15 03:00:04', '3');
INSERT INTO `class_data` VALUES ('240', '销售区', '0', '0', '0', '0', '0', '0', '2020-10-15 03:00:04', '3');
INSERT INTO `class_data` VALUES ('241', '办公区', '0', '0', '0', '0', '0', '0', '2020-10-15 04:01:19', '4');
INSERT INTO `class_data` VALUES ('242', '展示区', '0', '0', '0', '0', '0', '0', '2020-10-15 04:01:21', '4');
INSERT INTO `class_data` VALUES ('243', '休息区', '0', '0', '0', '0', '0', '0', '2020-10-15 04:01:21', '4');
INSERT INTO `class_data` VALUES ('244', '销售区', '0', '0', '0', '0', '0', '0', '2020-10-15 04:01:21', '4');
INSERT INTO `class_data` VALUES ('245', '办公区', '0', '0', '0', '0', '0', '0', '2020-10-15 05:00:00', '5');
INSERT INTO `class_data` VALUES ('246', '展示区', '0', '0', '0', '0', '0', '0', '2020-10-15 05:00:00', '5');
INSERT INTO `class_data` VALUES ('247', '休息区', '0', '0', '0', '0', '0', '0', '2020-10-15 05:00:00', '5');
INSERT INTO `class_data` VALUES ('248', '销售区', '0', '0', '0', '0', '0', '0', '2020-10-15 05:00:00', '5');
INSERT INTO `class_data` VALUES ('249', '办公区', '0', '0', '0', '0', '0', '0', '2020-10-15 06:00:00', '6');
INSERT INTO `class_data` VALUES ('250', '展示区', '0', '0', '0', '0', '0', '0', '2020-10-15 06:00:00', '6');
INSERT INTO `class_data` VALUES ('251', '休息区', '0', '0', '0', '0', '0', '0', '2020-10-15 06:00:00', '6');
INSERT INTO `class_data` VALUES ('252', '销售区', '0', '0', '0', '0', '0', '0', '2020-10-15 06:00:00', '6');
INSERT INTO `class_data` VALUES ('253', '办公区', '0', '0', '0', '0', '0', '0', '2020-10-15 07:00:00', '7');
INSERT INTO `class_data` VALUES ('254', '展示区', '0', '0', '0', '0', '0', '0', '2020-10-15 07:00:00', '7');
INSERT INTO `class_data` VALUES ('255', '休息区', '0', '0', '0', '0', '0', '0', '2020-10-15 07:00:00', '7');
INSERT INTO `class_data` VALUES ('256', '销售区', '0', '0', '0', '0', '0', '0', '2020-10-15 07:00:00', '7');
INSERT INTO `class_data` VALUES ('257', '办公区', '0', '0', '0', '0', '0', '0', '2020-10-15 08:00:00', '8');
INSERT INTO `class_data` VALUES ('258', '展示区', '0', '0', '0', '0', '0', '0', '2020-10-15 08:00:00', '8');
INSERT INTO `class_data` VALUES ('259', '休息区', '0', '0', '0', '0', '0', '0', '2020-10-15 08:00:00', '8');
INSERT INTO `class_data` VALUES ('260', '销售区', '0', '0', '0', '0', '0', '0', '2020-10-15 08:00:00', '8');
INSERT INTO `class_data` VALUES ('261', '办公区', '0', '0', '0', '0', '0', '0', '2020-10-15 09:00:00', '9');
INSERT INTO `class_data` VALUES ('262', '展示区', '0', '0', '0', '0', '0', '0', '2020-10-15 09:00:00', '9');
INSERT INTO `class_data` VALUES ('263', '休息区', '0', '0', '0', '0', '0', '0', '2020-10-15 09:00:00', '9');
INSERT INTO `class_data` VALUES ('264', '销售区', '0', '0', '0', '0', '0', '0', '2020-10-15 09:00:00', '9');
INSERT INTO `class_data` VALUES ('265', '办公区', '0', '0', '0', '0', '0', '0', '2020-10-15 10:00:00', '10');
INSERT INTO `class_data` VALUES ('266', '展示区', '0', '0', '0', '0', '0', '0', '2020-10-15 10:00:00', '10');
INSERT INTO `class_data` VALUES ('267', '休息区', '0', '0', '0', '0', '0', '0', '2020-10-15 10:00:00', '10');
INSERT INTO `class_data` VALUES ('268', '销售区', '0', '0', '0', '0', '0', '0', '2020-10-15 10:00:00', '10');
INSERT INTO `class_data` VALUES ('269', '办公区', '0', '0', '0', '0', '0', '0', '2020-10-15 11:00:00', '11');
INSERT INTO `class_data` VALUES ('270', '展示区', '0', '0', '0', '0', '0', '0', '2020-10-15 11:00:00', '11');
INSERT INTO `class_data` VALUES ('271', '休息区', '0', '0', '0', '0', '0', '0', '2020-10-15 11:00:00', '11');
INSERT INTO `class_data` VALUES ('272', '销售区', '0', '0', '0', '0', '0', '0', '2020-10-15 11:00:00', '11');
INSERT INTO `class_data` VALUES ('273', '办公区', '0', '0', '0', '0', '0', '0', '2020-10-15 12:00:00', '12');
INSERT INTO `class_data` VALUES ('274', '展示区', '0', '0', '0', '0', '0', '0', '2020-10-15 12:00:00', '12');
INSERT INTO `class_data` VALUES ('275', '休息区', '0', '0', '0', '0', '0', '0', '2020-10-15 12:00:00', '12');
INSERT INTO `class_data` VALUES ('276', '销售区', '0', '0', '0', '0', '0', '0', '2020-10-15 12:00:00', '12');
INSERT INTO `class_data` VALUES ('277', '办公区', '0', '0', '0', '0', '0', '0', '2020-10-15 13:00:00', '13');
INSERT INTO `class_data` VALUES ('278', '展示区', '0', '0', '0', '0', '0', '0', '2020-10-15 13:00:00', '13');
INSERT INTO `class_data` VALUES ('279', '休息区', '0', '0', '0', '0', '0', '0', '2020-10-15 13:00:00', '13');
INSERT INTO `class_data` VALUES ('280', '销售区', '0', '0', '0', '0', '0', '0', '2020-10-15 13:00:00', '13');
INSERT INTO `class_data` VALUES ('281', '办公区', '0', '0', '0', '0', '0', '0', '2020-10-15 14:00:02', '14');
INSERT INTO `class_data` VALUES ('282', '展示区', '0', '0', '0', '0', '0', '0', '2020-10-15 14:00:03', '14');
INSERT INTO `class_data` VALUES ('283', '休息区', '0', '0', '0', '0', '0', '0', '2020-10-15 14:00:03', '14');
INSERT INTO `class_data` VALUES ('284', '销售区', '0', '0', '0', '0', '0', '0', '2020-10-15 14:00:03', '14');
INSERT INTO `class_data` VALUES ('285', '办公区', '0', '0', '0', '0', '0', '0', '2020-10-15 15:00:00', '15');
INSERT INTO `class_data` VALUES ('286', '展示区', '0', '0', '0', '0', '0', '0', '2020-10-15 15:00:00', '15');
INSERT INTO `class_data` VALUES ('287', '休息区', '0', '0', '0', '0', '0', '0', '2020-10-15 15:00:00', '15');
INSERT INTO `class_data` VALUES ('288', '销售区', '0', '0', '0', '0', '0', '0', '2020-10-15 15:00:00', '15');
INSERT INTO `class_data` VALUES ('289', '办公区', '0', '0', '0', '0', '0', '0', '2020-10-15 16:00:00', '16');
INSERT INTO `class_data` VALUES ('290', '展示区', '0', '0', '0', '0', '0', '0', '2020-10-15 16:00:01', '16');
INSERT INTO `class_data` VALUES ('291', '休息区', '0', '0', '0', '0', '0', '0', '2020-10-15 16:00:01', '16');
INSERT INTO `class_data` VALUES ('292', '销售区', '0', '0', '0', '0', '0', '0', '2020-10-15 16:00:01', '16');
INSERT INTO `class_data` VALUES ('293', '办公区', '0', '0', '0', '0', '0', '0', '2020-10-15 17:50:03', '17');
INSERT INTO `class_data` VALUES ('294', '展示区', '0', '0', '0', '0', '0', '0', '2020-10-15 17:50:03', '17');
INSERT INTO `class_data` VALUES ('295', '休息区', '0', '0', '0', '0', '0', '0', '2020-10-15 17:50:03', '17');
INSERT INTO `class_data` VALUES ('296', '销售区', '0', '0', '0', '0', '0', '0', '2020-10-15 17:50:03', '17');
INSERT INTO `class_data` VALUES ('297', '办公区', '0', '0', '0', '0', '0', '0', '2020-10-15 18:21:15', '18');
INSERT INTO `class_data` VALUES ('298', '展示区', '0', '0', '0', '0', '0', '0', '2020-10-15 18:21:15', '18');
INSERT INTO `class_data` VALUES ('299', '休息区', '0', '0', '0', '0', '0', '0', '2020-10-15 18:21:15', '18');
INSERT INTO `class_data` VALUES ('300', '销售区', '0', '0', '0', '0', '0', '0', '2020-10-15 18:21:15', '18');
INSERT INTO `class_data` VALUES ('301', '办公区', '0', '0', '0', '0', '0', '0', '2020-10-15 19:00:00', '19');
INSERT INTO `class_data` VALUES ('302', '展示区', '0', '0', '0', '0', '0', '0', '2020-10-15 19:00:01', '19');
INSERT INTO `class_data` VALUES ('303', '休息区', '0', '0', '0', '0', '0', '0', '2020-10-15 19:00:01', '19');
INSERT INTO `class_data` VALUES ('304', '销售区', '0', '0', '0', '0', '0', '0', '2020-10-15 19:00:01', '19');
INSERT INTO `class_data` VALUES ('305', '办公区', '0', '0', '0', '0', '0', '0', '2020-10-15 20:00:01', '20');
INSERT INTO `class_data` VALUES ('306', '展示区', '0', '0', '0', '0', '0', '0', '2020-10-15 20:00:02', '20');
INSERT INTO `class_data` VALUES ('307', '休息区', '0', '0', '0', '0', '0', '0', '2020-10-15 20:00:02', '20');
INSERT INTO `class_data` VALUES ('308', '销售区', '0', '0', '0', '0', '0', '0', '2020-10-15 20:00:02', '20');
INSERT INTO `class_data` VALUES ('309', '办公区', '0', '0', '0', '0', '0', '0', '2020-10-16 00:25:10', '0');
INSERT INTO `class_data` VALUES ('310', '展示区', '0', '0', '0', '0', '0', '0', '2020-10-16 00:25:11', '0');
INSERT INTO `class_data` VALUES ('311', '休息区', '0', '0', '0', '0', '0', '0', '2020-10-16 00:25:12', '0');
INSERT INTO `class_data` VALUES ('312', '销售区', '0', '0', '0', '0', '0', '0', '2020-10-16 00:25:12', '0');
INSERT INTO `class_data` VALUES ('313', '办公区', '0', '0', '0', '0', '0', '0', '2020-10-16 01:09:28', '1');
INSERT INTO `class_data` VALUES ('314', '展示区', '0', '0', '0', '0', '0', '0', '2020-10-16 01:09:29', '1');
INSERT INTO `class_data` VALUES ('315', '休息区', '0', '0', '0', '0', '0', '0', '2020-10-16 01:09:29', '1');
INSERT INTO `class_data` VALUES ('316', '销售区', '0', '0', '0', '0', '0', '0', '2020-10-16 01:09:29', '1');
INSERT INTO `class_data` VALUES ('317', '办公区', '0', '0', '0', '0', '0', '0', '2020-10-16 02:00:00', '2');
INSERT INTO `class_data` VALUES ('318', '展示区', '0', '0', '0', '0', '0', '0', '2020-10-16 02:00:02', '2');
INSERT INTO `class_data` VALUES ('319', '休息区', '0', '0', '0', '0', '0', '0', '2020-10-16 02:00:02', '2');
INSERT INTO `class_data` VALUES ('320', '销售区', '0', '0', '0', '0', '0', '0', '2020-10-16 02:00:02', '2');
INSERT INTO `class_data` VALUES ('321', '办公区', '2', '2', '2', '0', '2', '2', '2020-10-25 19:27:11', '19');
INSERT INTO `class_data` VALUES ('322', '展示区', '0', '0', '0', '0', '0', '0', '2020-10-25 19:27:11', '19');
INSERT INTO `class_data` VALUES ('323', '休息区', '0', '0', '0', '0', '0', '0', '2020-10-25 19:27:11', '19');
INSERT INTO `class_data` VALUES ('324', '销售区', '0', '0', '0', '0', '0', '0', '2020-10-25 19:27:11', '19');
INSERT INTO `class_data` VALUES ('325', '办公区', '0', '0', '0', '0', '0', '0', '2020-10-25 20:00:01', '20');
INSERT INTO `class_data` VALUES ('326', '展示区', '0', '0', '0', '0', '0', '0', '2020-10-25 20:00:01', '20');
INSERT INTO `class_data` VALUES ('327', '休息区', '0', '0', '0', '0', '0', '0', '2020-10-25 20:00:01', '20');
INSERT INTO `class_data` VALUES ('328', '销售区', '0', '0', '0', '0', '0', '0', '2020-10-25 20:00:01', '20');
INSERT INTO `class_data` VALUES ('329', '办公区', '0', '0', '0', '0', '0', '0', '2020-10-25 21:08:07', '21');
INSERT INTO `class_data` VALUES ('330', '展示区', '0', '0', '0', '0', '0', '0', '2020-10-25 21:08:07', '21');
INSERT INTO `class_data` VALUES ('331', '休息区', '0', '0', '0', '0', '0', '0', '2020-10-25 21:08:07', '21');
INSERT INTO `class_data` VALUES ('332', '销售区', '0', '0', '0', '0', '0', '0', '2020-10-25 21:08:08', '21');
INSERT INTO `class_data` VALUES ('333', '办公区', '0', '0', '0', '0', '0', '0', '2020-10-25 22:00:01', '22');
INSERT INTO `class_data` VALUES ('334', '展示区', '0', '0', '0', '0', '0', '0', '2020-10-25 22:00:01', '22');
INSERT INTO `class_data` VALUES ('335', '休息区', '0', '0', '0', '0', '0', '0', '2020-10-25 22:00:01', '22');
INSERT INTO `class_data` VALUES ('336', '销售区', '0', '0', '0', '0', '0', '0', '2020-10-25 22:00:01', '22');
INSERT INTO `class_data` VALUES ('337', '办公区', '0', '0', '0', '0', '0', '0', '2020-10-25 23:57:01', '23');
INSERT INTO `class_data` VALUES ('338', '展示区', '0', '0', '0', '0', '0', '0', '2020-10-25 23:57:01', '23');
INSERT INTO `class_data` VALUES ('339', '休息区', '0', '0', '0', '0', '0', '0', '2020-10-25 23:57:01', '23');
INSERT INTO `class_data` VALUES ('340', '销售区', '0', '0', '0', '0', '0', '0', '2020-10-25 23:57:01', '23');
INSERT INTO `class_data` VALUES ('341', '办公区', '0', '0', '0', '0', '0', '0', '2020-10-26 00:00:00', '0');
INSERT INTO `class_data` VALUES ('342', '展示区', '0', '0', '0', '0', '0', '0', '2020-10-26 00:00:03', '0');
INSERT INTO `class_data` VALUES ('343', '休息区', '0', '0', '0', '0', '0', '0', '2020-10-26 00:00:03', '0');
INSERT INTO `class_data` VALUES ('344', '销售区', '0', '0', '0', '0', '0', '0', '2020-10-26 00:00:03', '0');
INSERT INTO `class_data` VALUES ('345', '办公区', '0', '0', '0', '0', '0', '0', '2020-10-26 01:12:33', '1');
INSERT INTO `class_data` VALUES ('346', '展示区', '0', '0', '0', '0', '0', '0', '2020-10-26 01:12:35', '1');
INSERT INTO `class_data` VALUES ('347', '休息区', '0', '0', '0', '0', '0', '0', '2020-10-26 01:12:36', '1');
INSERT INTO `class_data` VALUES ('348', '销售区', '0', '0', '0', '0', '0', '0', '2020-10-26 01:12:36', '1');
INSERT INTO `class_data` VALUES ('349', '办公区', '0', '0', '0', '0', '0', '0', '2020-10-26 02:00:00', '2');
INSERT INTO `class_data` VALUES ('350', '展示区', '0', '0', '0', '0', '0', '0', '2020-10-26 02:00:01', '2');
INSERT INTO `class_data` VALUES ('351', '休息区', '0', '0', '0', '0', '0', '0', '2020-10-26 02:00:01', '2');
INSERT INTO `class_data` VALUES ('352', '销售区', '0', '0', '0', '0', '0', '0', '2020-10-26 02:00:01', '2');
INSERT INTO `class_data` VALUES ('353', '办公区', '0', '0', '0', '0', '0', '0', '2020-10-26 03:00:01', '3');
INSERT INTO `class_data` VALUES ('354', '展示区', '0', '0', '0', '0', '0', '0', '2020-10-26 03:00:02', '3');
INSERT INTO `class_data` VALUES ('355', '休息区', '0', '0', '0', '0', '0', '0', '2020-10-26 03:00:02', '3');
INSERT INTO `class_data` VALUES ('356', '销售区', '0', '0', '0', '0', '0', '0', '2020-10-26 03:00:03', '3');

-- ----------------------------
-- Table structure for hot
-- ----------------------------
DROP TABLE IF EXISTS `hot`;
CREATE TABLE `hot` (
  `hotid` int(11) NOT NULL AUTO_INCREMENT,
  `x` varchar(255) DEFAULT NULL,
  `y` varchar(255) DEFAULT NULL,
  `adress` varchar(255) DEFAULT NULL,
  `time_start` datetime DEFAULT NULL,
  `time_end` datetime DEFAULT NULL,
  PRIMARY KEY (`hotid`)
) ENGINE=InnoDB DEFAULT CHARSET=utf8;

-- ----------------------------
-- Records of hot
-- ----------------------------

-- ----------------------------
-- Table structure for location
-- ----------------------------
DROP TABLE IF EXISTS `location`;
CREATE TABLE `location` (
  `locationid` int(11) NOT NULL AUTO_INCREMENT,
  `mac` varchar(255) DEFAULT NULL,
  `adress` varchar(255) DEFAULT NULL,
  `x` varchar(255) DEFAULT NULL,
  `y` varchar(255) DEFAULT NULL,
  `beat` datetime DEFAULT NULL,
  PRIMARY KEY (`locationid`)
) ENGINE=InnoDB AUTO_INCREMENT=26 DEFAULT CHARSET=utf8;

-- ----------------------------
-- Records of location
-- ----------------------------
INSERT INTO `location` VALUES ('6', '68:c6:33:85:3d:69', '办公区', '10', '15', '2020-10-12 17:51:08');
INSERT INTO `location` VALUES ('7', '68:c6:33:85:11:69', '办公区', '10', '15', '2020-10-12 17:51:09');
INSERT INTO `location` VALUES ('8', '68:c6:33:85:22:69', '办公区', '10', '15', '2020-10-12 17:51:10');
INSERT INTO `location` VALUES ('9', '68:c6:33:85:33:69', '办公区', '10', '15', '2020-10-12 17:51:10');
INSERT INTO `location` VALUES ('10', '68:c6:33:85:44:69', '办公区', '10', '15', '2020-10-12 17:51:11');
INSERT INTO `location` VALUES ('11', '68:c6:33:85:3d:69', '办公区', '7', '13', '2020-10-12 19:01:44');
INSERT INTO `location` VALUES ('12', '68:c6:33:85:11:69', '办公区', '7', '13', '2020-10-12 19:01:46');
INSERT INTO `location` VALUES ('13', '68:c6:33:85:22:69', '办公区', '8', '13', '2020-10-12 19:01:47');
INSERT INTO `location` VALUES ('14', '68:c6:33:85:33:69', '办公区', '8', '13', '2020-10-12 19:01:48');
INSERT INTO `location` VALUES ('15', '68:c6:33:85:44:69', '办公区', '8', '13', '2020-10-12 19:01:48');
INSERT INTO `location` VALUES ('16', '68:c6:33:85:3d:69', '办公区', '4', '14', '2020-10-12 19:02:13');
INSERT INTO `location` VALUES ('17', '68:c6:33:85:11:69', '办公区', '8', '14', '2020-10-12 19:02:14');
INSERT INTO `location` VALUES ('18', '68:c6:33:85:22:69', '办公区', '8', '14', '2020-10-12 19:29:15');
INSERT INTO `location` VALUES ('19', '68:c6:33:85:33:69', '办公区', '7', '13', '2020-10-12 19:29:17');
INSERT INTO `location` VALUES ('20', '68:c6:33:85:44:69', '办公区', '10', '15', '2020-10-12 19:29:17');
INSERT INTO `location` VALUES ('21', '68:c6:33:85:3d:69', '办公区', '2', '10', '2020-10-12 19:29:17');
INSERT INTO `location` VALUES ('22', '68:c6:33:85:11:69', '办公区', '19', '5', '2020-10-12 19:29:17');
INSERT INTO `location` VALUES ('23', '68:c6:33:85:22:69', '办公区', '16', '22', '2020-10-12 19:29:17');
INSERT INTO `location` VALUES ('24', '68:c6:33:85:21:11', '办公区', '10', '15', '2020-10-25 19:27:36');
INSERT INTO `location` VALUES ('25', '68:c6:33:85:21:12', '办公区', '10', '15', '2020-10-25 19:27:36');

-- ----------------------------
-- Table structure for machine
-- ----------------------------
DROP TABLE IF EXISTS `machine`;
CREATE TABLE `machine` (
  `mid` int(11) NOT NULL AUTO_INCREMENT,
  `machineid` varchar(255) DEFAULT NULL,
  `adress` varchar(255) DEFAULT NULL,
  `status` varchar(255) DEFAULT NULL,
  `leastRssi` int(11) DEFAULT NULL,
  `beat` datetime DEFAULT NULL,
  `x` varchar(255) DEFAULT NULL,
  `y` varchar(255) DEFAULT NULL,
  PRIMARY KEY (`mid`)
) ENGINE=InnoDB AUTO_INCREMENT=20 DEFAULT CHARSET=utf8;

-- ----------------------------
-- Records of machine
-- ----------------------------
INSERT INTO `machine` VALUES ('1', '101', '办公区', '离线', '-100', '2020-04-22 12:49:45', '1', '1');
INSERT INTO `machine` VALUES ('2', '102', '办公区', '离线', '-100', '2020-04-22 12:19:45', '1', '29');
INSERT INTO `machine` VALUES ('3', '103', '办公区', '离线', '-100', '2020-04-22 12:39:45', '19', '29');
INSERT INTO `machine` VALUES ('4', '104', '办公区', '离线', '-100', '2020-04-22 12:49:45', '19', '1');
INSERT INTO `machine` VALUES ('5', '201', '展示区', '离线', '-100', '2020-04-22 12:49:45', '21', '16');
INSERT INTO `machine` VALUES ('6', '202', '展示区', '离线', '-100', '2020-04-22 12:49:45', '21', '29');
INSERT INTO `machine` VALUES ('7', '203', '展示区', '离线', '-100', '2020-04-22 12:49:45', '49', '29');
INSERT INTO `machine` VALUES ('8', '204', '展示区', '离线', '-100', '2020-04-22 12:49:45', '49', '16');
INSERT INTO `machine` VALUES ('9', '301', '销售区', '离线', '-100', '2020-04-22 12:49:45', '51', '16');
INSERT INTO `machine` VALUES ('10', '302', '销售区', '离线', '-100', '2020-04-22 12:49:45', '51', '29');
INSERT INTO `machine` VALUES ('11', '303', '销售区', '离线', '-100', '2020-04-22 12:49:45', '59', '29');
INSERT INTO `machine` VALUES ('12', '304', '销售区', '离线', '-100', '2020-04-22 12:49:45', '59', '16');
INSERT INTO `machine` VALUES ('13', '401', '休息区', '离线', '-100', '2020-04-22 12:49:45', '21', '1');
INSERT INTO `machine` VALUES ('14', '402', '休息区', '离线', '-100', '2020-04-22 12:49:45', '21', '14');
INSERT INTO `machine` VALUES ('15', '403', '休息区', '离线', '-100', '2020-04-22 12:49:45', '59', '14');
INSERT INTO `machine` VALUES ('16', '404', '休息区', '离线', '-100', '2020-04-22 12:49:45', '59', '1');

-- ----------------------------
-- Table structure for permission
-- ----------------------------
DROP TABLE IF EXISTS `permission`;
CREATE TABLE `permission` (
  `pid` int(11) NOT NULL AUTO_INCREMENT,
  `url` varchar(255) CHARACTER SET utf8 COLLATE utf8_general_ci DEFAULT NULL,
  `path` varchar(255) CHARACTER SET utf8 COLLATE utf8_general_ci DEFAULT NULL,
  `component` varchar(255) CHARACTER SET utf8 COLLATE utf8_general_ci DEFAULT NULL,
  `name` varchar(255) DEFAULT NULL,
  `iconCls` varchar(255) DEFAULT NULL,
  `keepAlive` varchar(255) DEFAULT NULL,
  `requireAuth` varchar(255) DEFAULT NULL,
  `parentId` int(11) DEFAULT NULL,
  `enabled` tinyint(1) DEFAULT '1',
  PRIMARY KEY (`pid`)
) ENGINE=InnoDB AUTO_INCREMENT=16 DEFAULT CHARSET=utf8;

-- ----------------------------
-- Records of permission
-- ----------------------------
INSERT INTO `permission` VALUES ('1', '/', '/home', 'Home', '权限管理', 'fa fa-address-card-o', null, '1', null, '1');
INSERT INTO `permission` VALUES ('2', '/', '/home', 'Home', '设备管理', 'fa fa-user-circle-o', null, '1', null, '1');
INSERT INTO `permission` VALUES ('3', '/', '/home', 'Home', '区域管理', 'fa fa-bar-chart', null, '1', null, '1');
INSERT INTO `permission` VALUES ('4', 'listUser,updatePassword,updateUser', '/account', 'Account', '账号管理', '', null, '1', '1', '1');
INSERT INTO `permission` VALUES ('5', 'listRole,editRole,updateRolePermission', '/role', 'Role', '访问授权', '', null, '1', '1', '1');
INSERT INTO `permission` VALUES ('6', 'listregisterApproval,agreeregisterApproval,deleteregisterApproval', '/registerapproval', 'RegisterApproval', '注册审批', null, null, '1', '1', '1');
INSERT INTO `permission` VALUES ('7', 'listmachine,addmachine,deletemachine,updatemachine', '/machine', 'Machine', '探针设备', null, null, '1', '2', '1');
INSERT INTO `permission` VALUES ('8', 'listClass,addClass,deleteClass,updateClass', '/class', 'Class', '室内区域划分', null, null, '1', '3', '1');
INSERT INTO `permission` VALUES ('9', '/', '/visit', 'Visit', '普通区域访问统计', null, null, '1', '3', '1');
INSERT INTO `permission` VALUES ('10', '/', '/stopvisit', 'StopVisit', '禁止区域访问统计', null, null, '1', '3', '1');
INSERT INTO `permission` VALUES ('12', 'getDBlocation,getDBlocationNotRepeat,listByMac', '/home', 'Home', '室内地图', 'fa fa-address-card-o', null, '1', null, '1');
INSERT INTO `permission` VALUES ('13', '/', '/map', 'Map', '坐标图', null, null, '1', '12', '1');
INSERT INTO `permission` VALUES ('14', '/', '/hot', 'Hot', '热力图', null, null, '1', '12', '1');
INSERT INTO `permission` VALUES ('15', '/', '/trave', 'Trave', '轨迹图', null, null, '1', '12', '1');

-- ----------------------------
-- Table structure for register_approval
-- ----------------------------
DROP TABLE IF EXISTS `register_approval`;
CREATE TABLE `register_approval` (
  `id` int(11) NOT NULL AUTO_INCREMENT,
  `rid` int(11) DEFAULT NULL,
  `username` varchar(255) DEFAULT NULL,
  `password` varchar(255) DEFAULT NULL,
  `salt` varchar(255) DEFAULT NULL,
  `mac` varchar(255) DEFAULT NULL,
  PRIMARY KEY (`id`)
) ENGINE=InnoDB AUTO_INCREMENT=16 DEFAULT CHARSET=utf8;

-- ----------------------------
-- Records of register_approval
-- ----------------------------
INSERT INTO `register_approval` VALUES ('14', '1', '313135', 'c3246da094b482fa4618ff33e32c3627', 'HNQz+yxeQ9vuuEujXOVZUw==', '5-66*21*6');

-- ----------------------------
-- Table structure for role
-- ----------------------------
DROP TABLE IF EXISTS `role`;
CREATE TABLE `role` (
  `rid` int(11) NOT NULL AUTO_INCREMENT,
  `name` varchar(255) DEFAULT NULL,
  `desc_` varchar(255) DEFAULT NULL,
  PRIMARY KEY (`rid`)
) ENGINE=InnoDB AUTO_INCREMENT=4 DEFAULT CHARSET=utf8;

-- ----------------------------
-- Records of role
-- ----------------------------
INSERT INTO `role` VALUES ('1', 'visitor', '访客');
INSERT INTO `role` VALUES ('2', 'worker', '工作人员');
INSERT INTO `role` VALUES ('3', 'admin', '管理员');

-- ----------------------------
-- Table structure for role_permission
-- ----------------------------
DROP TABLE IF EXISTS `role_permission`;
CREATE TABLE `role_permission` (
  `id` int(11) NOT NULL AUTO_INCREMENT,
  `rid` int(11) DEFAULT NULL,
  `pid` int(11) DEFAULT NULL,
  PRIMARY KEY (`id`)
) ENGINE=InnoDB AUTO_INCREMENT=44 DEFAULT CHARSET=utf8;

-- ----------------------------
-- Records of role_permission
-- ----------------------------
INSERT INTO `role_permission` VALUES ('1', '3', '1');
INSERT INTO `role_permission` VALUES ('2', '3', '2');
INSERT INTO `role_permission` VALUES ('13', '3', '9');
INSERT INTO `role_permission` VALUES ('14', '2', '1');
INSERT INTO `role_permission` VALUES ('15', '2', '2');
INSERT INTO `role_permission` VALUES ('21', '2', '8');
INSERT INTO `role_permission` VALUES ('22', '3', '7');
INSERT INTO `role_permission` VALUES ('23', '3', '8');
INSERT INTO `role_permission` VALUES ('26', '3', '3');
INSERT INTO `role_permission` VALUES ('28', '3', '6');
INSERT INTO `role_permission` VALUES ('29', '3', '5');
INSERT INTO `role_permission` VALUES ('31', '3', '12');
INSERT INTO `role_permission` VALUES ('32', '3', '4');
INSERT INTO `role_permission` VALUES ('35', '3', '10');
INSERT INTO `role_permission` VALUES ('36', '2', '12');
INSERT INTO `role_permission` VALUES ('38', '2', '10');
INSERT INTO `role_permission` VALUES ('39', '2', '7');
INSERT INTO `role_permission` VALUES ('40', '2', '6');
INSERT INTO `role_permission` VALUES ('41', '3', '13');
INSERT INTO `role_permission` VALUES ('42', '3', '14');
INSERT INTO `role_permission` VALUES ('43', '3', '15');

-- ----------------------------
-- Table structure for stop_visit
-- ----------------------------
DROP TABLE IF EXISTS `stop_visit`;
CREATE TABLE `stop_visit` (
  `stop_visit_id` int(11) NOT NULL AUTO_INCREMENT,
  `address` varchar(255) DEFAULT NULL,
  `inJudge` int(11) DEFAULT NULL,
  `in_time` datetime DEFAULT NULL,
  `left_time` datetime DEFAULT NULL,
  `rt` varchar(255) DEFAULT NULL,
  `visited_times` int(11) DEFAULT NULL,
  `beat` datetime DEFAULT NULL,
  `handleJudge` int(11) DEFAULT NULL,
  `mac` varchar(255) DEFAULT NULL,
  `rssi` int(11) DEFAULT NULL,
  PRIMARY KEY (`stop_visit_id`)
) ENGINE=InnoDB AUTO_INCREMENT=42 DEFAULT CHARSET=utf8;

-- ----------------------------
-- Records of stop_visit
-- ----------------------------
INSERT INTO `stop_visit` VALUES ('25', '办公区', '0', '2020-10-12 19:29:17', '2020-10-12 19:29:17', '0', '2', '2020-10-12 19:29:17', '0', '68:c6:33:85:3d:69', '-92');
INSERT INTO `stop_visit` VALUES ('26', '办公区', '0', '2020-10-12 19:29:18', '2020-10-12 19:29:18', '0', '2', '2020-10-12 19:29:18', '0', '68:c6:33:85:11:69', '-92');
INSERT INTO `stop_visit` VALUES ('27', '办公区', '0', '2020-10-12 19:29:15', '2020-10-12 19:29:18', '2', '2', '2020-10-12 19:29:18', '0', '68:c6:33:85:22:69', '-92');
INSERT INTO `stop_visit` VALUES ('28', '办公区', '0', '2020-10-12 19:29:17', '2020-10-12 19:29:18', '0', '2', '2020-10-12 19:29:18', '0', '68:c6:33:85:33:69', '-92');
INSERT INTO `stop_visit` VALUES ('29', '办公区', '0', '2020-10-12 19:29:17', '2020-10-12 19:29:18', '0', '2', '2020-10-12 19:29:18', '0', '68:c6:33:85:44:69', '-92');
INSERT INTO `stop_visit` VALUES ('30', '办公区', '0', '2020-10-12 19:29:17', '2020-10-12 19:29:17', '0', '2', '2020-10-12 19:29:17', '0', '68:c6:33:85:3d:69', '-92');
INSERT INTO `stop_visit` VALUES ('31', '办公区', '0', '2020-10-12 19:29:18', '2020-10-12 19:29:18', '0', '2', '2020-10-12 19:29:18', '0', '68:c6:33:85:11:69', '-92');
INSERT INTO `stop_visit` VALUES ('32', '办公区', '0', '2020-10-12 19:29:15', '2020-10-12 19:29:18', '2', '2', '2020-10-12 19:29:18', '0', '68:c6:33:85:22:69', '-92');
INSERT INTO `stop_visit` VALUES ('33', '办公区', '0', '2020-10-12 19:29:17', '2020-10-12 19:29:18', '0', '2', '2020-10-12 19:29:18', '0', '68:c6:33:85:33:69', '-92');
INSERT INTO `stop_visit` VALUES ('34', '办公区', '0', '2020-10-12 19:29:17', '2020-10-12 19:29:18', '0', '2', '2020-10-12 19:29:18', '0', '68:c6:33:85:44:69', '-92');
INSERT INTO `stop_visit` VALUES ('35', '办公区', '0', '2020-10-12 19:29:17', '2020-10-12 19:29:17', '0', '2', '2020-10-12 19:29:17', '0', '68:c6:33:85:3d:69', '-92');
INSERT INTO `stop_visit` VALUES ('36', '办公区', '0', '2020-10-12 19:29:18', '2020-10-12 19:29:18', '0', '2', '2020-10-12 19:29:18', '0', '68:c6:33:85:11:69', '-92');
INSERT INTO `stop_visit` VALUES ('37', '办公区', '0', '2020-10-12 19:29:15', '2020-10-12 19:29:18', '2', '2', '2020-10-12 19:29:18', '0', '68:c6:33:85:22:69', '-92');
INSERT INTO `stop_visit` VALUES ('38', '办公区', '0', '2020-10-12 19:29:17', '2020-10-12 19:29:18', '0', '2', '2020-10-12 19:29:18', '0', '68:c6:33:85:33:69', '-92');
INSERT INTO `stop_visit` VALUES ('39', '办公区', '0', '2020-10-12 19:29:17', '2020-10-12 19:29:18', '0', '2', '2020-10-12 19:29:18', '0', '68:c6:33:85:44:69', '-92');
INSERT INTO `stop_visit` VALUES ('40', '办公区', '0', '2020-10-25 19:27:36', '2020-10-25 19:47:24', '1187', '1', '2020-10-25 19:47:24', '0', '68:c6:33:85:21:11', '-89');
INSERT INTO `stop_visit` VALUES ('41', '办公区', '0', '2020-10-25 19:27:37', '2020-10-25 19:47:27', '1190', '1', '2020-10-25 19:47:27', '0', '68:c6:33:85:21:12', '-89');

-- ----------------------------
-- Table structure for user
-- ----------------------------
DROP TABLE IF EXISTS `user`;
CREATE TABLE `user` (
  `uid` int(11) NOT NULL AUTO_INCREMENT,
  `username` varchar(255) DEFAULT NULL,
  `password` varchar(255) DEFAULT NULL,
  `salt` varchar(255) DEFAULT NULL,
  `mac` varchar(255) DEFAULT NULL,
  PRIMARY KEY (`uid`)
) ENGINE=InnoDB AUTO_INCREMENT=7 DEFAULT CHARSET=utf8;

-- ----------------------------
-- Records of user
-- ----------------------------
INSERT INTO `user` VALUES ('1', 'lgc', '1a30914ce446ce58b7e1ad55346a5ba1', 'I60c7+kbbHsTjGu1O3w+7Q==', '68:c6:33:85:3d:69');
INSERT INTO `user` VALUES ('2', 'lgc2', '514d14969428752836d8d06dd9b00e1a', 'pNdG/wr8t/vYby/KaRqnkQ==', '68:c6:44:85:3d:69');
INSERT INTO `user` VALUES ('3', 'bb', '9f5a28f87fc778ab2a8c3b8b242032b7', 'MfKa5nVH1K36+b+PVMwCIg==', '68:c6:33:85:3d:03');
INSERT INTO `user` VALUES ('4', '廖冠昌', '777fab814cf3bdf594f622e460792bdd', '63/A7DYWfvQzefqkyvyWwg==', '68:c6:33:85:3d:01');
INSERT INTO `user` VALUES ('5', 'jlkjds', '5dda6f2e4e649cbd4d4a088ec20b9075', 'qRmc2o7RQpssxoEZswVFLQ==', '68:c6:33:85:3d:06');
INSERT INTO `user` VALUES ('6', 'zhbit', 'a39ff0fac454b2beb30adcc04644e4f4', 'm2cSgwUuA1Pm/049YfVB7Q==', '68:c6:33:85:3d:02');

-- ----------------------------
-- Table structure for user_role
-- ----------------------------
DROP TABLE IF EXISTS `user_role`;
CREATE TABLE `user_role` (
  `id` int(11) NOT NULL AUTO_INCREMENT,
  `uid` int(11) DEFAULT NULL,
  `rid` int(11) DEFAULT NULL,
  PRIMARY KEY (`id`),
  KEY `uid` (`uid`),
  KEY `rid` (`rid`)
) ENGINE=InnoDB AUTO_INCREMENT=93 DEFAULT CHARSET=utf8;

-- ----------------------------
-- Records of user_role
-- ----------------------------
INSERT INTO `user_role` VALUES ('27', '4', '1');
INSERT INTO `user_role` VALUES ('78', '6', '1');
INSERT INTO `user_role` VALUES ('80', '2', '2');
INSERT INTO `user_role` VALUES ('81', '2', '3');
INSERT INTO `user_role` VALUES ('85', '1', '2');
INSERT INTO `user_role` VALUES ('86', '1', '3');
INSERT INTO `user_role` VALUES ('92', '3', '1');

-- ----------------------------
-- Table structure for visit
-- ----------------------------
DROP TABLE IF EXISTS `visit`;
CREATE TABLE `visit` (
  `visitid` int(11) NOT NULL AUTO_INCREMENT,
  `address` varchar(255) DEFAULT NULL,
  `inJudge` int(11) DEFAULT NULL,
  `in_time` datetime DEFAULT NULL,
  `left_time` datetime DEFAULT NULL,
  `rt` varchar(255) DEFAULT NULL,
  `visited_times` int(11) DEFAULT NULL,
  `beat` datetime DEFAULT NULL,
  `last_in_time` datetime DEFAULT NULL,
  `mac` varchar(255) DEFAULT NULL,
  `rssi` int(11) DEFAULT NULL,
  PRIMARY KEY (`visitid`)
) ENGINE=InnoDB DEFAULT CHARSET=utf8;

-- ----------------------------
-- Records of visit
-- ----------------------------
